Title,Discount,NewPrice
Ori and the Will of the Wisps,-80%,"21,59 zł"
Subnautica,-67%,"35,63 zł"
INSIDE,-90%,"7,19 zł"
Moons of Madness,-70%,"26,99 zł"
Deep Rock Galactic,-67%,"35,63 zł"
Metal: Hellsinger,-34%,"72,59 zł"
Grand Theft Auto IV: The Complete Edition,-70%,"25,47 zł"
Bright Memory,-40%,"17,39 zł"
Call of Duty: Vanguard,-50%,"144,50 zł"
Bridge Constructor Portal,-88%,"4,31 zł"
SUPERHOT,-70%,"8,99 zł"
A Plague Tale: Requiem,-35%,"110,49 zł"
Bright Memory: Infinite,-25%,"53,99 zł"
Momodora: Reverie Under The Moonlight,-60%,"14,39 zł"
La-Mulana 2,-50%,"44,99 zł"
Moonlighter,-85%,"10,49 zł"
The Wandering Village,-20%,"71,99 zł"
Loot River,-35%,"38,99 zł"
BLACKTAIL,-34%,"79,19 zł"
Grand Theft Auto: The Trilogy - The Definitive Edition,-50%,"134,50 zł"
Subnautica Sub-Sonic Edition,-70%,"42,75 zł"
Record of Lodoss War-Deedlit in Wonder Labyrinth-,-25%,"53,99 zł"
House of the Dying Sun,-70%,"21,59 zł"
Resident Evil 3,-75%,"44,75 zł"
Capcom Fighting Collection,-50%,"89,50 zł"
Steelrising,-50%,"89,99 zł"
ICEY,-50%,"19,99 zł"
TASOMACHI: Behind the Twilight,-50%,"35,99 zł"
Resident Evil 2,-75%,"42,25 zł"
Sun Haven,-20%,"71,99 zł"
Hatsune Miku: Project DIVA Mega Mix+,-44%,"81,95 zł"
Halo Infinite (Campaign),-50%,"124,95 zł"
Dead by Daylight,-60%,"28,79 zł"
Devil May Cry 4 Special Edition,-70%,"31,20 zł"
Devil May Cry 5,-67%,"39,60 zł"
Conan Unconquered,-70%,"21,59 zł"
Need for Speed Unbound,-50%,"149,95 zł"
DNF Duel,-50%,"109,99 zł"
Hardspace: Shipbreaker,-35%,"77,99 zł"
Total War: WARHAMMER III,-33%,"147,39 zł"
The Silver Case,-60%,"28,79 zł"
Mighty Goose,-50%,"35,99 zł"
Red Dead Redemption 2,-67%,"82,46 zł"
Mega Man 11,-67%,"40,92 zł"
Phoenix Wright: Ace Attorney Trilogy,-50%,"62,00 zł"
Streets of Rage 4,-50%,"57,49 zł"
DuckTales: Remastered,-75%,"14,49 zł"
Dune: Spice Wars,-20%,"87,99 zł"
MONSTER HUNTER RISE,-80%,"21,59 zł"
Monster Hunter: World,-80%,"21,99 zł"
Ghosts 'n Goblins Resurrection,-50%,"~32,72 zł"
The Riftbreaker,-50%,"89,50 zł"
Dreamfall: The Longest Journey,-50%,"62,50 zł"
Escape Simulator,-35%,"62,45 zł"
Project Warlock II,-70%,"64,35 zł"
Mega Man Zero/ZX Legacy Collection,-25%,"21,59 zł"
